Id,Area,Shape,Style,Utilities,Neighborhood,Price
1,8450,Reg,2Story,AllPub,CollgCr,20850
2,9600,Reg,1Story,AllPub,Veenker,18150
3,11250,IR1,2Story,AllPub,CollgCr,22350
4,9550,IR1,2Story,AllPub,Crawfor,14000
5,14260,IR1,2Story,AllPub,NoRidge,25000
6,14115,IR1,1.5Fin,AllPub,Mitchel,14300
7,10084,Reg,1Story,AllPub,Somerst,30700
8,10382,IR1,2Story,AllPub,NWAmes,20000
9,6120,Reg,1.5Fin,AllPub,OldTown,12990
10,7420,Reg,1.5Unf,AllPub,BrkSide,11800
11,11200,Reg,1Story,AllPub,Sawyer,12950
12,11924,IR1,2Story,AllPub,NridgHt,34500
13,12968,IR2,1Story,AllPub,Sawyer,14400
14,10652,IR1,1Story,AllPub,CollgCr,27950
15,10920,IR1,1Story,AllPub,NAmes,15700
16,6120,Reg,1.5Unf,AllPub,BrkSide,13200
17,11241,IR1,1Story,AllPub,NAmes,14900
18,10791,Reg,1Story,AllPub,Sawyer,9000
19,13695,Reg,1Story,AllPub,SawyerW,15900
20,7560,Reg,1Story,AllPub,NAmes,13900
21,14215,IR1,2Story,AllPub,NridgHt,32530
22,7449,Reg,1.5Unf,AllPub,IDOTRR,13940
23,9742,Reg,1Story,AllPub,CollgCr,23000
24,4224,Reg,1Story,AllPub,MeadowV,12990
25,8246,IR1,1Story,AllPub,Sawyer,15400
26,14230,Reg,1Story,AllPub,NridgHt,25630
27,7200,Reg,1Story,AllPub,NAmes,13480
28,11478,Reg,1Story,AllPub,NridgHt,30600
29,16321,IR1,1Story,AllPub,NAmes,20750
30,6324,IR1,1Story,AllPub,BrkSide,9870
31,8500,Reg,2Story,AllPub,IDOTRR,9000
32,8544,IR1,1Story,AllPub,Sawyer,14935
33,11049,Reg,1Story,AllPub,CollgCr,17990
34,10552,IR1,1Story,AllPub,NAmes,16550
35,7313,Reg,1Story,AllPub,NridgHt,27750
36,13418,Reg,2Story,AllPub,NridgHt,30900
37,10859,Reg,1Story,AllPub,CollgCr,14500
38,8532,Reg,1Story,AllPub,NAmes,15300
39,7922,Reg,1Story,AllPub,NAmes,10900
40,6040,Reg,1Story,AllPub,Edwards,8200
41,8658,Reg,1Story,AllPub,NAmes,16000
42,16905,Reg,1Story,AllPub,Timber,17000
43,9180,IR1,SFoyer,AllPub,SawyerW,14400
44,9200,IR1,1Story,AllPub,CollgCr,13025
45,7945,Reg,1Story,AllPub,NAmes,14100
46,7658,Reg,1Story,AllPub,NridgHt,31990
47,12822,IR1,1.5Fin,AllPub,Mitchel,23000
48,11096,Reg,1Story,AllPub,Somerst,24970
49,4456,Reg,2Story,AllPub,OldTown,11300
50,7742,Reg,1Story,AllPub,Sawyer,12700
51,13869,IR2,2Story,AllPub,Gilbert,17700
52,6240,Reg,1.5Fin,AllPub,BrkSide,11450
53,8472,IR2,1Story,AllPub,IDOTRR,11000
54,50271,IR1,1Story,AllPub,Veenker,38500
55,7134,Reg,SLvl,AllPub,NAmes,13000
56,10175,IR1,1Story,AllPub,NAmes,18050
57,2645,Reg,2Story,AllPub,Somerst,17250
58,11645,IR1,2Story,AllPub,CollgCr,19650
59,13682,IR2,2Story,AllPub,StoneBr,43878
60,7200,Reg,1Story,AllPub,CollgCr,12490
61,13072,Reg,1Story,AllPub,SawyerW,15800
62,7200,Reg,2.5Unf,AllPub,IDOTRR,10100
63,6442,IR1,1Story,AllPub,NridgHt,20250
64,10300,IR1,2Story,AllPub,OldTown,14000
65,9375,Reg,2Story,AllPub,CollgCr,21950
66,9591,Reg,2Story,AllPub,NridgHt,31700
67,19900,Reg,1Story,AllPub,NAmes,18000
68,10665,IR1,1Story,AllPub,CollgCr,22600
69,4608,Reg,1Story,AllPub,OldTown,8000
70,15593,Reg,1.5Fin,AllPub,ClearCr,22500
71,13651,IR1,1Story,AllPub,NAmes,24400
72,7599,Reg,1Story,AllPub,Mitchel,12950
73,10141,IR1,2Story,AllPub,Gilbert,18500
74,10200,Reg,1Story,AllPub,NAmes,14490
75,5790,Reg,2Story,AllPub,OldTown,10740
76,1596,Reg,SLvl,AllPub,MeadowV,9100
77,8475,IR1,1Story,AllPub,NAmes,13575
78,8635,Reg,1.5Fin,AllPub,BrkSide,12700
79,10778,Reg,1Story,AllPub,Sawyer,13650
80,10440,Reg,2Story,AllPub,OldTown,11000
81,13000,Reg,2Story,AllPub,NAmes,19350
82,4500,Reg,1Story,AllPub,Mitchel,15350
83,10206,Reg,1Story,AllPub,Somerst,24500
84,8892,IR1,1Story,AllPub,NAmes,12650
85,8530,IR1,SLvl,AllPub,Gilbert,16850
86,16059,Reg,2Story,AllPub,NoRidge,26000
87,11911,IR2,2Story,AllPub,Gilbert,17400
88,3951,Reg,2Story,AllPub,Somerst,16450
89,8470,IR1,1.5Fin,AllPub,IDOTRR,8500
90,8070,Reg,1Story,AllPub,CollgCr,12360
91,7200,Reg,1Story,AllPub,NAmes,10990
92,8500,Reg,1Story,AllPub,NAmes,9860
93,13360,IR1,1Story,AllPub,Crawfor,16350
94,7200,Reg,2.5Unf,AllPub,OldTown,13390
95,9337,IR1,2Story,AllPub,CollgCr,20475
96,9765,IR2,2Story,AllPub,Gilbert,18500
97,10264,IR1,1Story,AllPub,CollgCr,21400
98,10921,Reg,1Story,AllPub,Edwards,9475
99,10625,Reg,1Story,AllPub,Edwards,8300
100,9320,IR1,1Story,AllPub,NAmes,12895
101,10603,IR1,1Story,AllPub,NWAmes,20500
102,9206,Reg,2Story,AllPub,SawyerW,17800
103,7018,Reg,1Story,AllPub,SawyerW,11000
104,10402,IR1,1Story,AllPub,CollgCr,19890
105,7758,Reg,1.5Fin,AllPub,IDOTRR,16950
106,9375,Reg,2Story,AllPub,Somerst,25000
107,10800,Reg,1Story,AllPub,OldTown,10000
108,6000,Reg,1Story,AllPub,OldTown,11500
109,8500,Reg,1.5Fin,AllPub,IDOTRR,11500
110,11751,IR1,1Story,AllPub,NWAmes,19000
111,9525,Reg,1.5Fin,AllPub,Edwards,13690
112,7750,IR1,SLvl,AllPub,Gilbert,18000
113,9965,Reg,2Story,AllPub,CollgCr,38397
114,21000,Reg,1Story,AllPub,Crawfor,21700
115,7259,IR1,2Story,AllPub,Crawfor,25950
116,3230,Reg,2Story,AllPub,Somerst,17600
117,11616,Reg,1Story,AllPub,Sawyer,13900
118,8536,Reg,1Story,AllPub,Edwards,15500
119,12376,Reg,2Story,AllPub,SawyerW,32000
120,8461,Reg,2Story,AllPub,CollgCr,16399
121,21453,IR1,SLvl,AllPub,ClearCr,18000
122,6060,Reg,1.5Fin,AllPub,IDOTRR,10000
123,9464,Reg,1Story,AllPub,NAmes,13600
124,7892,Reg,1Story,AllPub,SawyerW,15390
125,17043,IR1,1Story,AllPub,NWAmes,18100
126,6780,Reg,1.5Fin,AllPub,IDOTRR,8450
127,4928,IR1,1Story,AllPub,NPkVill,12800
128,4388,IR1,1.5Unf,AllPub,OldTown,8700
129,7590,Reg,2Story,AllPub,NAmes,15500
130,8973,Reg,1Story,AllPub,NAmes,15000
131,14200,Reg,2Story,AllPub,NAmes,22600
132,12224,IR1,2Story,AllPub,Gilbert,24400
133,7388,Reg,1Story,AllPub,NAmes,15075
134,6853,IR1,1Story,AllPub,Timber,22000
135,10335,IR1,1Story,AllPub,Sawyer,18000
136,10400,Reg,1Story,AllPub,NWAmes,17400
137,10355,IR1,1Story,AllPub,NAmes,14300
138,11070,Reg,1Story,AllPub,Mitchel,17100
139,9066,IR1,2Story,AllPub,CollgCr,23000
140,15426,IR1,2Story,AllPub,CollgCr,23150
141,10500,Reg,1Story,AllPub,NAmes,11500
142,11645,Reg,1Story,AllPub,CollgCr,26000
143,8520,Reg,1.5Fin,AllPub,NAmes,16600
144,10335,IR1,1Story,AllPub,CollgCr,20400
145,9100,Reg,1Story,AllPub,Sawyer,12500
146,2522,Reg,2Story,AllPub,Edwards,13000
147,6120,Reg,1Story,AllPub,BrkSide,10500
148,9505,IR1,2Story,AllPub,Gilbert,22250
149,7500,Reg,1Story,AllPub,SawyerW,14100
150,6240,Reg,1.5Fin,AllPub,BrkSide,11500
151,10356,Reg,1Story,AllPub,CollgCr,12200
152,13891,Reg,1Story,AllPub,NridgHt,37000
153,14803,IR1,2Story,AllPub,NWAmes,19000
154,13500,Reg,1Story,AllPub,ClearCr,23500
155,11340,Reg,1Story,AllPub,OldTown,12500
156,9600,Reg,1.5Fin,AllPub,Edwards,7900
157,7200,Reg,1Story,AllPub,NAmes,10950
158,12003,Reg,2Story,AllPub,Timber,26950
159,12552,Reg,2Story,AllPub,Somerst,25490
160,19378,IR1,2Story,AllPub,Gilbert,32000
161,11120,IR1,1Story,AllPub,Veenker,16250
162,13688,IR1,2Story,AllPub,NridgHt,41250
163,12182,Reg,1Story,AllPub,NridgHt,22000
164,5500,Reg,1.5Unf,AllPub,OldTown,10320
165,5400,Reg,1Story,AllPub,OldTown,15200
166,10106,Reg,1.5Fin,AllPub,Edwards,12750
167,10708,IR1,1Story,AllPub,ClearCr,19000
168,10562,Reg,2Story,AllPub,NridgHt,32000
169,8244,IR1,2Story,AllPub,Gilbert,18350
170,16669,IR1,1Story,AllPub,Timber,22800
171,12358,IR1,1.5Fin,AllPub,OldTown,12850
172,31770,IR1,1Story,AllPub,NAmes,21500
173,5306,IR1,2Story,AllPub,StoneBr,23900
174,10197,IR1,1Story,AllPub,NAmes,16300
175,12416,IR1,1Story,AllPub,Timber,18400
176,12615,Reg,1Story,AllPub,Edwards,24300
177,10029,IR1,2Story,AllPub,ClearCr,21100
178,13650,Reg,1.5Fin,AllPub,Sawyer,17250
179,17423,IR1,1Story,AllPub,StoneBr,50000
180,8520,Reg,1Story,AllPub,OldTown,10000
181,2117,Reg,2Story,AllPub,Somerst,17700
182,7588,Reg,2Story,AllPub,Crawfor,20010
183,9060,Reg,1Story,AllPub,Edwards,12000
184,11426,Reg,1.5Fin,AllPub,OldTown,20000
185,7438,IR1,1.5Fin,AllPub,BrkSide,12700
186,22950,IR2,2.5Fin,AllPub,OldTown,47500
187,9947,IR1,SLvl,AllPub,Mitchel,17300
188,10410,Reg,1.5Fin,AllPub,OldTown,13500
189,7018,Reg,SFoyer,AllPub,SawyerW,15000
190,4923,Reg,1Story,AllPub,StoneBr,28600
191,10570,Reg,2Story,AllPub,Crawfor,31500
192,7472,IR1,2Story,AllPub,NAmes,18400
193,9017,IR1,1Story,AllPub,CollgCr,19200
194,2522,Reg,2Story,AllPub,Edwards,13000
195,7180,IR1,1Story,AllPub,CollgCr,12700
196,2280,Reg,2Story,AllPub,NPkVill,14850
197,9416,Reg,1Story,AllPub,Somerst,31000
198,25419,Reg,2Story,AllPub,NAmes,23500
199,5520,Reg,2.5Fin,AllPub,OldTown,10400
200,9591,Reg,1Story,AllPub,NridgHt,27490
201,8546,Reg,1Story,AllPub,Edwards,14000
202,10125,Reg,1Story,AllPub,Mitchel,17150
203,7000,Reg,1.5Fin,AllPub,OldTown,11200
204,4438,Reg,1Story,AllPub,CollgCr,14900
205,3500,Reg,1.5Fin,AllPub,OldTown,11000
206,11851,Reg,1Story,AllPub,Gilbert,18050
207,13673,IR1,1Story,AllPub,Sawyer,14390
208,12493,IR1,1Story,AllPub,NAmes,14100
209,14364,IR1,2Story,AllPub,SawyerW,27700
210,8250,Reg,1Story,AllPub,NAmes,14500
211,5604,Reg,1Story,AllPub,Edwards,9800
212,10420,Reg,1Story,AllPub,Edwards,18600
213,8640,Reg,2Story,AllPub,Somerst,25000
214,13568,IR2,1Story,AllPub,CollgCr,15600
215,10900,IR1,2Story,AllPub,CollgCr,16175
216,10011,IR1,1Story,AllPub,NAmes,13445
217,8450,Reg,1Story,AllPub,CollgCr,21000
218,9906,Reg,2Story,AllPub,OldTown,10700
219,15660,IR1,1.5Fin,AllPub,Crawfor,31150
220,3010,Reg,1Story,AllPub,Blmngtn,16724
221,8990,IR1,1Story,AllPub,CollgCr,20490
222,8068,IR1,2Story,AllPub,Gilbert,20000
223,11475,Reg,2Story,AllPub,NWAmes,17990
224,10500,Reg,1Story,AllPub,NAmes,9700
225,13472,Reg,1Story,AllPub,NridgHt,38625
226,1680,Reg,2Story,AllPub,BrDale,11200
227,9950,IR1,2Story,AllPub,NoRidge,29000
228,1869,Reg,2Story,AllPub,BrDale,10600
229,8521,Reg,1Story,AllPub,Sawyer,12500
230,3182,Reg,1Story,AllPub,Blmngtn,19250
231,8760,Reg,1Story,AllPub,NAmes,14800
232,15138,IR1,2Story,AllPub,NoRidge,40300
233,1680,Reg,2Story,AllPub,BrDale,9450
234,10650,Reg,1Story,AllPub,CollgCr,12820
235,7851,Reg,2Story,AllPub,Gilbert,21650
236,1680,Reg,2Story,AllPub,BrDale,8950
237,8773,Reg,1Story,AllPub,CollgCr,18550
238,9453,IR1,2Story,AllPub,SawyerW,19450
239,12030,Reg,1Story,AllPub,NridgHt,31800
240,8741,Reg,1.5Fin,AllPub,Edwards,11300
241,9000,Reg,1Story,AllPub,Somerst,26250
242,3880,Reg,1Story,AllPub,OldTown,11050
243,5000,Reg,1.5Fin,AllPub,OldTown,7900
244,10762,Reg,2Story,AllPub,SawyerW,12000
245,8880,IR1,2Story,AllPub,SawyerW,20500
246,10400,Reg,1Story,AllPub,NWAmes,24150
247,9142,Reg,2Story,AllPub,OldTown,13700
248,11310,Reg,1Story,AllPub,NAmes,14000
249,11317,Reg,2Story,AllPub,CollgCr,18000
250,159000,IR2,1.5Fin,AllPub,ClearCr,27700
251,5350,IR1,1Story,AllPub,BrkSide,7650
252,4750,IR1,1Story,AllPub,Crawfor,23500
253,8366,IR1,2Story,AllPub,SawyerW,17300
254,9350,Reg,SLvl,AllPub,NAmes,15800
255,8400,Reg,1Story,AllPub,NAmes,14500
256,8738,IR1,2Story,AllPub,Gilbert,23000
257,8791,IR1,2Story,AllPub,Somerst,20750
258,8814,Reg,1Story,AllPub,CollgCr,22000
259,12435,Reg,2Story,AllPub,CollgCr,23150
260,12702,Reg,1Story,AllPub,OldTown,9700
261,19296,Reg,SLvl,AllPub,NAmes,17600
262,9588,IR1,2Story,AllPub,CollgCr,27600
263,8471,IR1,SLvl,AllPub,Sawyer,15100
264,5500,Reg,1.5Fin,AllPub,OldTown,13000
265,5232,IR3,1Story,AllPub,OldTown,7300
266,12090,IR1,1Story,AllPub,NWAmes,17550
267,11207,IR1,2Story,AllPub,Gilbert,18500
268,8400,Reg,2.5Fin,AllPub,SWISU,17950
269,6900,Reg,1Story,AllPub,IDOTRR,12050
270,7917,IR1,1Story,AllPub,Edwards,14800
271,10728,Reg,2Story,AllPub,Somerst,26600
272,39104,IR1,1Story,AllPub,ClearCr,24150
273,11764,IR1,2Story,AllPub,NoRidge,29000
274,9600,Reg,1Story,AllPub,NAmes,13900
275,8314,Reg,1Story,AllPub,Mitchel,12450
276,7264,Reg,1.5Fin,AllPub,BrkSide,20500
277,9196,IR1,1Story,AllPub,Mitchel,20100
278,19138,Reg,1Story,AllPub,Gilbert,14100
279,14450,Reg,1Story,AllPub,NridgHt,41000
280,10005,Reg,2Story,AllPub,ClearCr,19200
281,11287,Reg,2Story,AllPub,SawyerW,22850
282,7200,Reg,1Story,AllPub,Somerst,18500
283,5063,Reg,1Story,AllPub,NridgHt,20750
284,9612,Reg,1Story,AllPub,Somerst,24460
285,8012,Reg,1Story,AllPub,SawyerW,17920
286,4251,IR1,2Story,AllPub,Somerst,16470
287,9786,IR1,1.5Fin,AllPub,NAmes,15900
288,8125,IR1,1Story,AllPub,NAmes,8800
289,9819,IR1,1Story,AllPub,Sawyer,12200
290,8730,Reg,2Story,AllPub,BrkSide,15000
291,15611,Reg,2Story,AllPub,CollgCr,23323
292,5687,Reg,2Story,AllPub,SWISU,13590
293,11409,Reg,1.5Fin,AllPub,Edwards,13100
294,16659,IR1,2Story,AllPub,NWAmes,23500
295,9600,Reg,1Story,AllPub,NAmes,16700
296,7937,IR1,SLvl,AllPub,Mitchel,14250
297,13710,Reg,1.5Fin,AllPub,IDOTRR,15200
298,7399,IR1,2Story,AllPub,Somerst,23900
299,11700,Reg,2Story,AllPub,NWAmes,17500
300,14000,Reg,1Story,AllPub,Crawfor,15850
301,15750,Reg,1Story,AllPub,Crawfor,15700
302,16226,IR3,2Story,AllPub,CollgCr,26700
303,13704,IR1,1Story,AllPub,CollgCr,20500
304,9800,Reg,1Story,AllPub,CollgCr,14990
305,18386,Reg,2.5Fin,AllPub,OldTown,29500
306,10386,Reg,1Story,AllPub,CollgCr,30590
307,13474,Reg,2Story,AllPub,SawyerW,22500
308,7920,IR1,1.5Fin,AllPub,IDOTRR,8950
309,12342,IR1,1Story,AllPub,Edwards,8250
310,12378,IR1,1Story,AllPub,NridgHt,36000
311,7685,IR1,2Story,AllPub,Gilbert,16560
312,8000,Reg,1Story,AllPub,NAmes,13200
313,7800,Reg,1.5Fin,AllPub,OldTown,11990
314,215245,IR3,1Story,AllPub,Timber,37500
315,9600,Reg,2Story,AllPub,OldTown,17800
316,7795,IR1,2Story,AllPub,Gilbert,18850
317,13005,IR1,2Story,AllPub,NWAmes,26000
318,9000,Reg,2Story,AllPub,Somerst,27000
319,9900,Reg,2Story,AllPub,NoRidge,26000
320,14115,Reg,SLvl,AllPub,NWAmes,18750
321,16259,Reg,2Story,AllPub,NridgHt,34000
322,12099,IR1,2Story,AllPub,NridgHt,35400
323,10380,IR1,2Story,AllPub,SawyerW,30100
324,5820,Reg,1Story,AllPub,OldTown,12000
325,11275,Reg,SLvl,AllPub,NAmes,24200
326,5000,Reg,1.5Unf,AllPub,IDOTRR,8700
327,10846,IR1,1Story,AllPub,Veenker,32400
328,11600,Reg,1Story,AllPub,NAmes,14525
329,11888,IR1,2.5Unf,AllPub,BrkSide,21450
330,6402,Reg,2Story,AllPub,IDOTRR,7800
331,10624,IR1,1Story,AllPub,NAmes,11900
332,8176,Reg,1Story,AllPub,NAmes,13900
333,10655,IR1,1Story,AllPub,NridgHt,28400
334,8198,Reg,1Story,AllPub,NridgHt,20700
335,9042,IR1,2Story,AllPub,Gilbert,19200
336,164660,IR1,1.5Fin,AllPub,Timber,22895
337,14157,IR1,1Story,AllPub,StoneBr,37000
338,9135,Reg,1Story,AllPub,CollgCr,21400
339,14145,Reg,1Story,AllPub,NWAmes,20250
340,12400,IR1,1Story,AllPub,NAmes,15500
341,14191,Reg,2Story,AllPub,Timber,20290
342,8400,Reg,1Story,AllPub,SawyerW,8200
343,8544,Reg,1Story,AllPub,NAmes,8750
344,8849,IR1,1Story,AllPub,NridgHt,26600
345,2592,Reg,2Story,AllPub,MeadowV,8500
346,6435,Reg,1.5Fin,AllPub,BrkSide,14020
347,12772,IR1,1Story,AllPub,NAmes,15150
348,17600,IR1,1Story,AllPub,NAmes,15750
349,2448,Reg,2Story,AllPub,NridgHt,15400
350,20431,IR2,2Story,AllPub,NridgHt,43000
351,7820,IR1,1Story,AllPub,NridgHt,31000
352,5271,IR1,1Story,AllPub,ClearCr,19000
353,9084,Reg,1.5Fin,AllPub,Edwards,9500
354,8520,Reg,1Story,AllPub,OldTown,10590
355,8400,Reg,1.5Fin,AllPub,SWISU,14000
356,11249,IR2,1Story,AllPub,CollgCr,17750
357,9248,IR1,1Story,AllPub,Gilbert,17300
358,4224,Reg,1Story,AllPub,MeadowV,13400
359,6930,IR1,SLvl,AllPub,ClearCr,13000
360,12011,IR1,2Story,AllPub,NoRidge,28000
361,7540,IR1,SFoyer,AllPub,Mitchel,15600
362,9144,Reg,1.5Fin,AllPub,BrkSide,14500
363,7301,Reg,SFoyer,AllPub,Edwards,19850
364,1680,Reg,2Story,AllPub,BrDale,11800
365,18800,IR1,2Story,AllPub,NWAmes,19000
366,10690,Reg,2Story,AllPub,IDOTRR,14700
367,9500,IR1,1Story,AllPub,NAmes,15900
368,9150,IR1,SLvl,AllPub,NAmes,16500
369,7800,Reg,1Story,AllPub,NAmes,13200
370,9830,IR1,1Story,AllPub,NAmes,16200
371,8121,IR1,2Story,AllPub,Gilbert,17240
372,17120,Reg,1.5Fin,AllPub,ClearCr,13000
373,7175,Reg,1Story,AllPub,SawyerW,12500
374,10634,Reg,1Story,AllPub,NAmes,12300
375,8200,Reg,2Story,AllPub,CollgCr,21950
376,10020,IR1,1Story,AllPub,Edwards,9100
377,8846,IR1,SFoyer,AllPub,CollgCr,14800
378,11143,IR1,2Story,AllPub,Somerst,34000
379,11394,Reg,1Story,AllPub,StoneBr,39000
380,8123,IR1,2Story,AllPub,Gilbert,17900
381,5000,Reg,1.5Fin,AllPub,SWISU,12700
382,7200,Reg,1Story,AllPub,Somerst,18775
383,9245,IR1,2Story,AllPub,CollgCr,21350
384,9000,Reg,1.5Unf,AllPub,SawyerW,7600
385,53107,IR2,2Story,AllPub,ClearCr,24000
386,3182,Reg,1Story,AllPub,Blmngtn,19200
387,8410,Reg,1.5Fin,AllPub,Edwards,8100
388,7200,Reg,SLvl,AllPub,Edwards,12500
389,9382,IR1,1Story,AllPub,CollgCr,19100
390,12474,Reg,2Story,AllPub,NridgHt,42600
391,8405,Reg,1.5Fin,AllPub,Edwards,11900
392,12209,IR1,2Story,AllPub,Mitchel,21500
393,8339,IR1,1Story,AllPub,NAmes,10650
394,7446,Reg,1Story,AllPub,BrkSide,10000
395,10134,Reg,1.5Fin,AllPub,OldTown,10900
396,9571,Reg,1Story,AllPub,Edwards,12900
397,7200,Reg,1Story,AllPub,CollgCr,12300
398,7590,Reg,2Story,AllPub,NAmes,16950
399,8967,Reg,1Story,AllPub,IDOTRR,9700
400,8125,Reg,2Story,AllPub,Somerst,24100
401,14963,IR2,1Story,AllPub,Veenker,24550
402,8767,IR1,1Story,AllPub,CollgCr,16499
403,10200,Reg,1Story,AllPub,Sawyer,10800
404,12090,Reg,2Story,AllPub,NoRidge,25800
405,10364,IR1,2Story,AllPub,Gilbert,16800
406,9991,IR1,1Story,AllPub,Sawyer,15000
407,10480,Reg,1.5Fin,AllPub,SWISU,11500
408,15576,Reg,2Story,AllPub,Crawfor,17700
409,14154,Reg,2Story,AllPub,NridgHt,28000
410,10800,Reg,2Story,AllPub,Somerst,33975
411,9571,Reg,1Story,AllPub,Edwards,9000
412,34650,Reg,1Story,AllPub,Gilbert,14500
413,4403,IR2,1Story,AllPub,Somerst,22200
414,8960,Reg,1Story,AllPub,OldTown,11500
415,11228,IR2,2Story,AllPub,SawyerW,22800
416,8899,IR1,1Story,AllPub,Gilbert,18000
417,7844,Reg,2Story,AllPub,Sawyer,14950
418,22420,IR1,2Story,AllPub,Crawfor,23900
419,8160,Reg,1.5Fin,AllPub,Edwards,12600
420,8450,Reg,1Story,AllPub,NAmes,14200
421,7060,Reg,SFoyer,AllPub,Mitchel,20630
422,16635,IR1,1Story,AllPub,NWAmes,21500
423,21750,Reg,1Story,AllPub,Mitchel,11300
424,9200,Reg,2Story,AllPub,NoRidge,31500
425,9000,Reg,1Story,AllPub,NAmes,13900
426,3378,Reg,2Story,AllPub,OldTown,13500
427,12800,Reg,SLvl,AllPub,SawyerW,27500
428,8593,IR1,1Story,AllPub,NAmes,10000
429,6762,Reg,1Story,AllPub,CollgCr,19540
430,11457,IR1,1Story,AllPub,Timber,17500
431,1680,Reg,2Story,AllPub,BrDale,8540
432,5586,IR1,1.5Fin,AllPub,OldTown,7990
433,1920,Reg,2Story,AllPub,BrDale,12250
434,10839,IR1,2Story,AllPub,Gilbert,18100
435,1890,Reg,SFoyer,AllPub,MeadowV,8100
436,10667,IR2,2Story,AllPub,CollgCr,21200
437,4400,Reg,1.5Fin,AllPub,OldTown,11600
438,6000,Reg,1.5Unf,AllPub,BrkSide,11900
439,4280,Reg,1Story,AllPub,Crawfor,9035
440,12354,Reg,1.5Fin,AllPub,Edwards,11000
441,15431,Reg,1Story,AllPub,NridgHt,55500
442,12108,Reg,1Story,AllPub,Edwards,11800
443,6240,Reg,1.5Fin,AllPub,BrkSide,16290
444,3922,Reg,1Story,AllPub,Blmngtn,17250
445,8750,Reg,2Story,AllPub,CollgCr,21000
446,9855,Reg,1Story,AllPub,Edwards,12750
447,16492,IR1,1Story,AllPub,NAmes,19000
448,11214,IR1,2Story,AllPub,Gilbert,19990
449,8600,Reg,1.5Fin,AllPub,IDOTRR,11950
450,6000,Reg,1.5Fin,AllPub,OldTown,12000
451,5684,Reg,1Story,AllPub,OldTown,11000
452,70761,IR1,1Story,AllPub,ClearCr,28000
453,9303,IR1,2Story,AllPub,Timber,20400
454,9000,Reg,2Story,AllPub,Somerst,21000
455,9297,Reg,1Story,AllPub,Mitchel,18800
456,9600,Reg,1Story,AllPub,NWAmes,17550
457,4571,Reg,2Story,AllPub,OldTown,9800
458,53227,IR1,1Story,AllPub,ClearCr,25600
459,5100,Reg,2Story,AllPub,OldTown,16100
460,7015,IR1,1.5Fin,AllPub,BrkSide,11000
461,8004,IR1,2Story,AllPub,Somerst,26000
462,7200,Reg,2Story,AllPub,SWISU,15500
463,8281,IR1,1Story,AllPub,Sawyer,9200
464,11988,IR1,2Story,AllPub,Crawfor,18870
465,8430,Reg,1Story,AllPub,CollgCr,12400
466,3072,Reg,1Story,AllPub,Blmngtn,17874
467,10628,Reg,1Story,AllPub,NAmes,16700
468,9480,Reg,2Story,AllPub,NAmes,14650
469,11428,IR1,1Story,AllPub,NridgHt,25000
470,9291,IR1,2Story,AllPub,SawyerW,18700
471,6820,IR1,1Story,AllPub,StoneBr,21200
472,11952,Reg,2Story,AllPub,NWAmes,19000
473,3675,Reg,SLvl,AllPub,Edwards,14800
474,14977,IR1,1Story,AllPub,NridgHt,44000
475,5330,Reg,1Story,AllPub,StoneBr,25100
476,8480,Reg,1Story,AllPub,Sawyer,13250
477,13125,Reg,1Story,AllPub,CollgCr,20890
478,13693,Reg,2Story,AllPub,NridgHt,38000
479,10637,Reg,1Story,AllPub,CollgCr,29700
480,5925,Reg,1Story,AllPub,OldTown,8900
481,16033,IR1,1Story,AllPub,NridgHt,32600
482,11846,IR1,1Story,AllPub,NridgHt,37400
483,2500,Reg,2Story,AllPub,OldTown,15500
484,4500,Reg,1Story,AllPub,Mitchel,16400
485,7758,IR1,1Story,AllPub,Sawyer,13250
486,9600,Reg,1Story,AllPub,NAmes,14700
487,10289,Reg,1Story,AllPub,NAmes,15600
488,12243,IR1,1Story,AllPub,NWAmes,17500
489,10800,Reg,1.5Fin,AllPub,OldTown,16000
490,1526,Reg,SFoyer,AllPub,MeadowV,8600
491,2665,Reg,2Story,AllPub,MeadowV,11500
492,9490,Reg,1.5Fin,AllPub,NAmes,13300
493,15578,IR1,2Story,AllPub,Gilbert,17000
494,7931,Reg,1Story,AllPub,NAmes,15500
495,5784,Reg,1Story,AllPub,OldTown,9130
496,7879,Reg,1Story,AllPub,IDOTRR,8990
497,12692,IR1,1Story,AllPub,NoRidge,43000
498,9120,Reg,1.5Fin,AllPub,BrkSide,18400
499,7800,Reg,1Story,AllPub,Sawyer,13000
500,7535,IR1,1Story,AllPub,NAmes,12000
501,1890,Reg,2Story,AllPub,BrDale,11300
502,9803,Reg,2Story,AllPub,Somerst,22670
503,9170,Reg,1Story,AllPub,Edwards,14000
504,15602,IR1,1Story,AllPub,Crawfor,28900
505,2308,Reg,2Story,AllPub,NPkVill,14700
506,7596,Reg,2Story,AllPub,OldTown,12450
507,9554,IR1,2Story,AllPub,SawyerW,21500
508,7862,IR1,1Story,AllPub,Somerst,20830
509,9600,Reg,2Story,AllPub,OldTown,16100
510,9600,Reg,1Story,AllPub,NAmes,12450
511,14559,Reg,1Story,AllPub,NAmes,16490
512,6792,IR1,1Story,AllPub,NridgHt,20000
513,9100,Reg,1Story,AllPub,NAmes,12990
514,9187,Reg,1Story,AllPub,Mitchel,13400
515,10594,Reg,1.5Unf,AllPub,Crawfor,9650
516,12220,Reg,1Story,AllPub,NridgHt,40000
517,10448,IR1,SLvl,AllPub,NWAmes,15800
518,10208,IR1,2Story,AllPub,NoRidge,26500
519,9531,IR1,2Story,AllPub,CollgCr,21100
520,10918,Reg,2Story,AllPub,Crawfor,23400
521,10800,Reg,2Story,AllPub,OldTown,10625
522,11988,IR1,1Story,AllPub,NAmes,15000
523,5000,Reg,1.5Fin,AllPub,BrkSide,15900
524,40094,IR1,2Story,AllPub,Edwards,18475
525,11787,IR1,2Story,AllPub,NoRidge,31575
526,7500,Reg,1Story,AllPub,Somerst,17600
527,13300,Reg,1Story,AllPub,NAmes,13200
528,14948,IR1,2Story,AllPub,NridgHt,44000
529,9098,IR1,1Story,AllPub,Edwards,8600
530,32668,IR1,1Story,AllPub,Crawfor,20000
531,10200,Reg,SLvl,AllPub,Timber,17500
532,6155,IR1,2Story,AllPub,BrkSide,12800
533,7200,Reg,1Story,AllPub,NAmes,10750
534,5000,Reg,1Story,AllPub,BrkSide,8980
535,9056,IR1,2Story,AllPub,Gilbert,17800
536,7000,Reg,2Story,AllPub,Edwards,10750
537,8924,IR1,2Story,AllPub,CollgCr,18800
538,12735,IR1,1Story,AllPub,NAmes,11125
539,11553,IR1,1Story,AllPub,Sawyer,15800
540,11423,Reg,1Story,AllPub,CollgCr,27200
541,14601,Reg,1Story,AllPub,Timber,31500
542,11000,Reg,2Story,AllPub,NoRidge,24800
543,10140,Reg,1Story,AllPub,NWAmes,21325
544,4058,Reg,SFoyer,AllPub,NAmes,13300
545,17104,IR1,2Story,AllPub,Gilbert,17000
546,13837,IR1,1.5Fin,AllPub,NWAmes,22900
547,8737,IR1,1.5Fin,AllPub,BrkSide,21000
548,7244,Reg,SFoyer,AllPub,Mitchel,12950
549,8235,IR1,1Story,AllPub,OldTown,12500
550,9375,Reg,2Story,AllPub,Somerst,26300
551,4043,Reg,1Story,AllPub,NPkVill,14000
552,6000,Reg,1Story,AllPub,OldTown,11250
553,11146,IR1,1Story,AllPub,NridgHt,25550
554,8777,Reg,1Story,AllPub,Edwards,10800
555,10625,Reg,2Story,AllPub,NridgHt,28400
556,6380,Reg,1.5Unf,AllPub,BrkSide,11300
557,14850,IR1,1Story,AllPub,NAmes,14100
558,11040,Reg,1.5Fin,AllPub,IDOTRR,10800
559,21872,IR2,2Story,AllPub,Gilbert,17500
560,3196,Reg,1Story,AllPub,Blmngtn,23400
561,11341,IR1,1Story,AllPub,Sawyer,12150
562,10010,Reg,1Story,AllPub,Mitchel,17000
563,13907,Reg,1Story,AllPub,Edwards,10800
564,21780,Reg,1.5Fin,AllPub,Edwards,18500
565,13346,IR1,2Story,AllPub,NoRidge,26800
566,6858,Reg,2Story,AllPub,SWISU,12800
567,11198,IR1,2Story,AllPub,StoneBr,32500
568,10171,IR1,1Story,AllPub,NridgHt,21400
569,12327,IR1,1.5Fin,AllPub,SawyerW,31660
570,7032,IR1,SFoyer,AllPub,NAmes,13596
571,13101,IR1,1Story,AllPub,NAmes,14260
572,7332,Reg,1Story,AllPub,NAmes,12000
573,13159,IR1,2Story,AllPub,Timber,22450
574,9967,IR1,SLvl,AllPub,Gilbert,17000
575,10500,Reg,SLvl,AllPub,NAmes,13900
576,8480,Reg,1.5Fin,AllPub,NAmes,11850
577,6292,Reg,1.5Fin,AllPub,SWISU,14500
578,11777,IR1,SLvl,AllPub,Sawyer,16450
579,3604,Reg,2Story,AllPub,Somerst,14600
580,12150,Reg,1.5Fin,AllPub,OldTown,13150
581,14585,IR1,1Story,AllPub,NAmes,18190
582,12704,Reg,1Story,AllPub,NridgHt,25000
583,11841,Reg,SFoyer,AllPub,Edwards,11850
584,13500,Reg,2.5Unf,AllPub,OldTown,32500
585,6120,Reg,1.5Fin,AllPub,BrkSide,13300
586,11443,Reg,1Story,AllPub,Timber,36990
587,10267,Reg,1Story,AllPub,BrkSide,13000
588,8740,IR1,SFoyer,AllPub,Sawyer,13700
589,25095,IR1,1Story,AllPub,ClearCr,14300
590,9100,Reg,1Story,AllPub,BrkSide,7950
591,8320,Reg,2Story,AllPub,CollgCr,18590
592,13478,IR1,2Story,AllPub,NridgHt,45195
593,6600,Reg,1Story,AllPub,Mitchel,13800
594,4435,Reg,1Story,AllPub,CollgCr,14000
595,7990,IR1,1Story,AllPub,CollgCr,11000
596,11302,IR1,1Story,AllPub,StoneBr,31900
597,3600,Reg,2Story,AllPub,OldTown,11000
598,3922,Reg,1Story,AllPub,Blmngtn,19000
599,12984,Reg,1Story,AllPub,Crawfor,21750
600,1950,Reg,2Story,AllPub,Blueste,15100
601,10927,Reg,2Story,AllPub,NridgHt,27500
602,9000,Reg,1.5Fin,AllPub,IDOTRR,14100
603,10041,IR1,2Story,AllPub,SawyerW,22000
604,3182,Reg,2Story,AllPub,Somerst,15100
605,12803,IR1,1Story,AllPub,CollgCr,22100
606,13600,Reg,2Story,AllPub,NAmes,20500
607,12464,IR2,1Story,AllPub,CollgCr,15200
608,7800,Reg,2Story,AllPub,Edwards,22500
609,12168,Reg,2Story,AllPub,Crawfor,35910
610,7943,Reg,1Story,AllPub,Sawyer,11850
611,11050,Reg,2Story,AllPub,CollgCr,31300
612,10395,IR1,SLvl,AllPub,NWAmes,14800
613,11885,Reg,2Story,AllPub,CollgCr,26150
614,8402,Reg,1Story,AllPub,Mitchel,14700
615,1491,Reg,SFoyer,AllPub,MeadowV,7550
616,8800,Reg,SFoyer,AllPub,NAmes,13750
617,7861,IR1,2Story,AllPub,Gilbert,18320
618,7227,Reg,1.5Unf,AllPub,NAmes,10550
619,11694,Reg,1Story,AllPub,NridgHt,31000
620,12244,Reg,2Story,AllPub,Timber,30500
621,8248,Reg,1Story,AllPub,Edwards,9700
622,10800,Reg,2Story,AllPub,NWAmes,24000
623,7064,Reg,1Story,AllPub,Sawyer,13500
624,2117,Reg,2Story,AllPub,Somerst,16850
625,10400,Reg,2Story,AllPub,NWAmes,16515
626,10000,IR1,1Story,AllPub,NAmes,16000
627,12342,IR1,1Story,AllPub,NAmes,13990
628,9600,Reg,SLvl,AllPub,NAmes,15300
629,11606,IR1,2Story,AllPub,NAmes,13500
630,9020,Reg,SLvl,AllPub,NAmes,16850
631,9000,Reg,2Story,AllPub,OldTown,12400
632,4590,Reg,1Story,AllPub,NridgHt,20950
633,11900,Reg,1Story,AllPub,NWAmes,8250
634,9250,Reg,1Story,AllPub,NAmes,13940
635,6979,Reg,SFoyer,AllPub,OldTown,14400
636,10896,Reg,2.5Fin,AllPub,SWISU,20000
637,6120,Reg,1Story,AllPub,BrkSide,9000
638,6000,Reg,1.5Fin,AllPub,OldTown,9300
639,8777,Reg,1Story,AllPub,Edwards,8500
640,3982,Reg,1Story,AllPub,Blmngtn,26000
641,12677,IR1,1Story,AllPub,NridgHt,27400
642,7050,Reg,2Story,AllPub,Somerst,22600
643,13860,Reg,SLvl,AllPub,NAmes,34500
644,10793,Reg,2Story,AllPub,NWAmes,15200
645,9187,Reg,1Story,AllPub,Somerst,37000
646,10530,IR1,1Story,AllPub,NAmes,14325
647,7200,Reg,1Story,AllPub,NAmes,9830
648,10452,IR1,1Story,AllPub,Edwards,15500
649,7700,Reg,2Story,AllPub,NAmes,15500
650,1936,Reg,SFoyer,AllPub,MeadowV,8450
651,8125,Reg,2Story,AllPub,Somerst,20595
652,9084,Reg,2Story,AllPub,Edwards,10800
653,8750,Reg,2Story,AllPub,CollgCr,19100
654,10320,Reg,1.5Fin,AllPub,IDOTRR,13500
655,10437,IR1,1Story,AllPub,NoRidge,35000
656,1680,Reg,2Story,AllPub,BrDale,8800
657,10007,IR1,1Story,AllPub,NAmes,14550
658,7200,Reg,2Story,AllPub,Crawfor,14900
659,17503,Reg,1.5Fin,AllPub,NAmes,9750
660,9937,Reg,1Story,AllPub,Edwards,16700
661,12384,Reg,2Story,AllPub,NWAmes,19790
662,46589,IR2,2Story,AllPub,NoRidge,40200
663,13560,Reg,1Story,AllPub,NAmes,11000
664,10012,Reg,SFoyer,AllPub,Edwards,13750
665,20896,IR2,1Story,AllPub,Somerst,42300
666,11194,IR1,2Story,AllPub,Gilbert,23050
667,18450,IR1,2Story,AllPub,NAmes,12900
668,8125,Reg,1Story,AllPub,SawyerW,19350
669,14175,Reg,1Story,AllPub,Sawyer,16800
670,11600,Reg,1Story,AllPub,Crawfor,13750
671,8633,Reg,2Story,AllPub,CollgCr,17350
672,6629,Reg,2Story,AllPub,Edwards,10360
673,11250,IR1,1Story,AllPub,Veenker,16500
674,14442,Reg,1Story,AllPub,Crawfor,25750
675,9200,Reg,1Story,AllPub,NAmes,14000
676,2289,Reg,2Story,AllPub,NPkVill,14850
677,9600,Reg,2Story,AllPub,OldTown,8700
678,9022,Reg,1Story,AllPub,OldTown,10950
679,11844,IR1,1Story,AllPub,StoneBr,37250
680,9945,IR1,1Story,AllPub,Sawyer,12850
681,8012,Reg,1Story,AllPub,SawyerW,14300
682,4500,IR2,1.5Fin,AllPub,SWISU,15000
683,2887,Reg,1Story,AllPub,ClearCr,17300
684,11248,IR1,1Story,AllPub,CollgCr,28500
685,16770,IR2,2Story,AllPub,NoRidge,22100
686,5062,IR1,2Story,AllPub,StoneBr,20750
687,10207,Reg,2Story,AllPub,Somerst,22000
688,5105,IR2,2Story,AllPub,Somerst,14880
689,8089,Reg,1Story,AllPub,StoneBr,39200
690,7577,IR1,1Story,AllPub,NridgHt,19470
691,4426,Reg,1Story,AllPub,CollgCr,14100
692,21535,IR1,2Story,AllPub,NoRidge,75500
693,26178,IR1,2Story,AllPub,Timber,33500
694,5400,Reg,1Story,AllPub,OldTown,10848
695,6120,Reg,1.5Fin,AllPub,BrkSide,14150
696,13811,IR1,1Story,AllPub,Timber,17600
697,6000,Reg,1Story,AllPub,BrkSide,8900
698,6420,IR1,1Story,AllPub,Edwards,12350
699,8450,Reg,1Story,AllPub,Sawyer,13850
700,4282,IR2,1Story,AllPub,Somerst,19600
701,14331,Reg,1Story,AllPub,Timber,31250
702,9600,Reg,1Story,AllPub,NWAmes,14000
703,12438,IR1,2Story,AllPub,StoneBr,36000
704,7630,Reg,2Story,AllPub,OldTown,14000
705,8400,Reg,1Story,AllPub,CollgCr,21300
706,5600,Reg,2Story,AllPub,IDOTRR,7700
707,115149,IR2,1Story,AllPub,ClearCr,30200
708,6240,Reg,1Story,AllPub,NridgHt,25400
709,9018,IR1,2Story,AllPub,Gilbert,17954
710,7162,IR1,1Story,AllPub,Sawyer,10990
711,4130,IR1,1Story,AllPub,BrkSide,7200
712,8712,Reg,1.5Fin,AllPub,IDOTRR,10000
713,4671,IR1,1Story,AllPub,StoneBr,18900
714,9873,Reg,1Story,AllPub,BrkSide,12900
715,13517,IR1,2Story,AllPub,Sawyer,13050
716,10140,Reg,1Story,AllPub,NWAmes,16500
717,10800,Reg,2Story,AllPub,OldTown,15950
718,10000,Reg,1Story,AllPub,NWAmes,15700
719,10542,Reg,2Story,AllPub,NoRidge,34100
720,9920,IR1,1Story,AllPub,CollgCr,12850
721,6563,IR1,1Story,AllPub,StoneBr,27500
722,4426,Reg,1Story,AllPub,CollgCr,14300
723,8120,Reg,1Story,AllPub,NAmes,12450
724,8172,Reg,1.5Fin,AllPub,Edwards,13500
725,13286,IR1,1Story,AllPub,Edwards,32000
726,6960,Reg,1Story,AllPub,NAmes,12050
727,21695,IR1,1Story,AllPub,Crawfor,22200
728,7314,Reg,1Story,AllPub,CollgCr,19450
729,11475,Reg,1Story,AllPub,NAmes,11000
730,6240,Reg,1.5Fin,AllPub,IDOTRR,10300
731,5389,IR1,1Story,AllPub,StoneBr,23650
732,9590,IR1,SLvl,AllPub,Timber,18750
733,11404,IR1,2Story,AllPub,CollgCr,22250
734,10000,Reg,1Story,AllPub,Sawyer,13140
735,8978,IR1,1Story,AllPub,Sawyer,10800
736,10800,Reg,2.5Unf,AllPub,OldTown,16300
737,8544,Reg,1Story,AllPub,NAmes,9350
738,10463,IR1,2Story,AllPub,Gilbert,23990
739,10800,Reg,1Story,AllPub,Edwards,17900
740,9313,IR1,2Story,AllPub,CollgCr,19000
741,9600,Reg,2Story,AllPub,OldTown,13200
742,6768,IR1,1Story,AllPub,Sawyer,14200
743,8450,Reg,1Story,AllPub,SawyerW,17900
744,12886,IR1,SLvl,AllPub,Sawyer,17500
745,5395,IR1,1Story,AllPub,StoneBr,18000
746,8963,IR1,2Story,AllPub,NWAmes,29980
747,8795,IR1,2Story,AllPub,Gilbert,23600
748,11700,IR1,2Story,AllPub,OldTown,26000
749,10593,IR1,1Story,AllPub,NoRidge,26040
750,8405,Reg,1.5Fin,AllPub,Edwards,9800
751,8800,Reg,1.5Fin,AllPub,OldTown,9650
752,7750,Reg,2Story,AllPub,Gilbert,16200
753,9236,IR1,1Story,AllPub,CollgCr,21700
754,10240,Reg,2Story,AllPub,NridgHt,27550
755,7930,Reg,1Story,AllPub,NAmes,15600
756,3230,Reg,2Story,AllPub,Somerst,17250
757,10769,IR1,2Story,AllPub,CollgCr,21200
758,11616,IR1,2Story,AllPub,Sawyer,15890
759,2280,Reg,2Story,AllPub,Somerst,17940
760,12257,IR1,2Story,AllPub,NoRidge,29000
761,9100,Reg,1Story,AllPub,NAmes,12750
762,6911,Reg,1Story,AllPub,BrkSide,10000
763,8640,Reg,2Story,AllPub,Somerst,21520
764,9430,Reg,2Story,AllPub,NoRidge,33700
765,9549,IR1,1Story,AllPub,Veenker,27000
766,14587,IR1,1Story,AllPub,Somerst,26000
767,10421,Reg,2Story,AllPub,NWAmes,19650
768,12508,IR1,1.5Fin,AllPub,Mitchel,16000
769,9100,Reg,1Story,AllPub,CollgCr,21000
770,53504,IR2,2Story,AllPub,StoneBr,53800
771,7252,IR1,SFoyer,AllPub,Sawyer,13490
772,8877,Reg,1Story,AllPub,Edwards,10200
773,7819,Reg,SLvl,AllPub,Edwards,10700
774,10150,Reg,1Story,AllPub,NAmes,11450
775,14226,Reg,1Story,AllPub,NridgHt,39500
776,4500,Reg,1Story,AllPub,Mitchel,16200
777,11210,IR1,1Story,AllPub,CollgCr,22150
778,13350,IR1,1Story,AllPub,Sawyer,14250
779,8400,Reg,1Story,AllPub,SawyerW,14400
780,10530,Reg,SFoyer,AllPub,Mitchel,13500
781,7875,Reg,1Story,AllPub,Gilbert,17600
782,7153,Reg,2Story,AllPub,SawyerW,17590
783,16285,IR2,1Story,AllPub,CollgCr,18710
784,9101,IR1,SFoyer,AllPub,Mitchel,16550
785,6300,Reg,2.5Unf,AllPub,OldTown,12800
786,9790,Reg,1Story,AllPub,NWAmes,16150
787,10800,Reg,1.5Fin,AllPub,OldTown,13900
788,10142,IR1,2Story,AllPub,SawyerW,23300
789,6000,Reg,1Story,AllPub,OldTown,10790
790,12205,IR1,2Story,AllPub,ClearCr,18750
791,3182,Reg,1Story,AllPub,Blmngtn,16020
792,11333,IR1,SLvl,AllPub,Mitchel,14680
793,9920,IR1,2Story,AllPub,NoRidge,26979
794,9158,Reg,1Story,AllPub,Somerst,22500
795,10832,IR1,2Story,AllPub,Gilbert,19450
796,8400,Reg,2Story,AllPub,SawyerW,17100
797,8197,Reg,1Story,AllPub,Sawyer,14350
798,7677,Reg,1Story,AllPub,NAmes,11000
799,13518,Reg,2Story,AllPub,NridgHt,48500
800,7200,Reg,1.5Fin,AllPub,SWISU,17500
801,12798,IR1,2Story,AllPub,ClearCr,20000
802,4800,Reg,1Story,AllPub,IDOTRR,10990
803,8199,Reg,2Story,AllPub,CollgCr,18900
804,13891,Reg,2Story,AllPub,NridgHt,58000
805,9000,Reg,1Story,AllPub,NAmes,11800
806,12274,IR1,1Story,AllPub,Somerst,22768
807,9750,Reg,SLvl,AllPub,NAmes,13550
808,21384,Reg,2Story,AllPub,BrkSide,22350
809,13400,Reg,SLvl,AllPub,NAmes,15995
810,8100,Reg,2.5Unf,AllPub,OldTown,10600
811,10140,Reg,1Story,AllPub,NWAmes,18100
812,4438,Reg,1Story,AllPub,CollgCr,14450
813,8712,Reg,1Story,AllPub,IDOTRR,7700
814,9750,Reg,1Story,AllPub,NAmes,15790
815,8248,Reg,1.5Fin,AllPub,Edwards,11600
816,12137,IR2,1Story,AllPub,CollgCr,22490
817,11425,IR1,1Story,AllPub,NAmes,13700
818,13265,IR1,1Story,AllPub,Mitchel,27100
819,8816,Reg,SLvl,AllPub,ClearCr,15500
820,6371,IR1,1Story,AllPub,NridgHt,22400
821,7226,IR1,2Story,AllPub,CollgCr,18300
822,6000,Reg,1Story,AllPub,OldTown,9300
823,12394,IR1,2Story,AllPub,Gilbert,22500
824,9900,Reg,1.5Fin,AllPub,SWISU,13950
825,11216,Reg,1Story,AllPub,Somerst,23260
826,14803,Reg,1Story,AllPub,NridgHt,38500
827,6130,Reg,1.5Unf,AllPub,BrkSide,10950
828,8529,IR1,1Story,AllPub,SawyerW,18900
829,28698,IR2,2Story,AllPub,ClearCr,18500
830,2544,Reg,2Story,AllPub,Somerst,14740
831,11900,IR1,1Story,AllPub,NAmes,16600
832,3180,Reg,2Story,AllPub,Somerst,15100
833,9548,IR1,2Story,AllPub,CollgCr,23700
834,10004,Reg,1Story,AllPub,NAmes,16700
835,7875,Reg,1Story,AllPub,NAmes,13995
836,9600,Reg,1Story,AllPub,Sawyer,12800
837,8100,Reg,1Story,AllPub,OldTown,15350
838,1680,Reg,2Story,AllPub,BrDale,10000
839,9525,Reg,1Story,AllPub,CollgCr,14400
840,11767,Reg,1.5Fin,AllPub,Edwards,13050
841,12155,IR1,2Story,AllPub,SWISU,14000
842,10440,Reg,2Story,AllPub,OldTown,15750
843,9020,Reg,SLvl,AllPub,NAmes,17490
844,8000,Reg,1Story,AllPub,NAmes,14100
845,12665,IR1,1.5Fin,AllPub,OldTown,15390
846,16647,IR1,SFoyer,AllPub,Sawyer,17100
847,9317,Reg,2Story,AllPub,SawyerW,21300
848,15523,IR1,1Story,AllPub,CollgCr,13350
849,45600,IR2,1.5Fin,AllPub,ClearCr,24000
850,9600,Reg,SLvl,AllPub,Veenker,18700
851,4435,Reg,1Story,AllPub,CollgCr,13150
852,3196,Reg,1Story,AllPub,Blmngtn,21500
853,7128,Reg,2.5Unf,AllPub,Crawfor,16400
854,12095,IR1,SLvl,AllPub,NAmes,15800
855,17920,Reg,1Story,AllPub,Sawyer,17000
856,6897,IR1,1Story,AllPub,Sawyer,12700
857,10970,IR1,SLvl,AllPub,CollgCr,14700
858,8125,Reg,2Story,AllPub,Gilbert,17400
859,10400,Reg,1Story,AllPub,NWAmes,15200
860,11029,IR1,2Story,AllPub,NWAmes,25000
861,7642,Reg,1.5Fin,AllPub,Crawfor,18995
862,11625,Reg,1Story,AllPub,Sawyer,13150
863,9672,Reg,1Story,AllPub,SawyerW,15200
864,7931,Reg,1Story,AllPub,NAmes,13250
865,8640,Reg,1Story,AllPub,Somerst,25058
866,8750,IR1,1Story,AllPub,NAmes,14850
867,10656,IR1,1Story,AllPub,Timber,24890
868,6970,Reg,1Story,AllPub,Sawyer,12900
869,14762,IR2,2Story,AllPub,Gilbert,16900
870,9938,Reg,2Story,AllPub,SawyerW,23600
871,6600,Reg,1Story,AllPub,NAmes,10950
872,8750,Reg,2Story,AllPub,CollgCr,20050
873,8892,Reg,1Story,AllPub,NAmes,11600
874,12144,Reg,1Story,AllPub,NAmes,13300
875,5720,Reg,1.5Fin,AllPub,OldTown,9970
876,9000,Reg,2Story,AllPub,Somerst,30000
877,25286,Reg,1Story,AllPub,Mitchel,13225
878,8834,Reg,2Story,AllPub,NridgHt,35000
879,11782,IR1,SFoyer,AllPub,Sawyer,14800
880,7000,IR1,1Story,AllPub,CollgCr,13650
881,7024,Reg,1Story,AllPub,Edwards,15700
882,13758,IR1,1.5Fin,AllPub,Timber,18750
883,9636,IR1,2Story,AllPub,Gilbert,17800
884,6204,Reg,2.5Fin,AllPub,SWISU,11850
885,7150,Reg,1Story,AllPub,NAmes,10000
886,5119,IR1,1Story,AllPub,Somerst,32890
887,8393,Reg,1Story,AllPub,NAmes,14500
888,16466,IR1,1.5Fin,AllPub,Edwards,13550
889,15865,IR1,1Story,AllPub,NAmes,26800
890,12160,Reg,1Story,AllPub,NAmes,14950
891,8064,Reg,1.5Fin,AllPub,NAmes,12290
892,11184,Reg,2Story,AllPub,Sawyer,17250
893,8414,Reg,1Story,AllPub,Sawyer,15450
894,13284,Reg,1Story,AllPub,Sawyer,16500
895,7018,Reg,1Story,AllPub,SawyerW,11000
896,7056,Reg,2Story,AllPub,NAmes,14000
897,8765,Reg,1Story,AllPub,IDOTRR,10650
898,7018,Reg,2Story,AllPub,SawyerW,14000
899,12919,IR1,1Story,AllPub,NridgHt,61000
900,6993,Reg,1Story,AllPub,Sawyer,13500
901,7340,IR1,1Story,AllPub,NAmes,11000
902,8712,IR1,1Story,AllPub,NAmes,15300
903,7875,Reg,2Story,AllPub,Gilbert,18000
904,14859,IR1,1Story,AllPub,Gilbert,24000
905,6173,IR1,1Story,AllPub,Sawyer,12550
906,9920,Reg,1Story,AllPub,NAmes,12800
907,13501,IR1,1Story,AllPub,Somerst,25500
908,11500,IR1,1.5Fin,AllPub,Crawfor,25000
909,8885,IR1,1Story,AllPub,Mitchel,13100
910,12589,IR2,2Story,AllPub,Gilbert,17400
911,11600,Reg,2Story,AllPub,NAmes,15430
912,9286,IR1,1Story,AllPub,CollgCr,14350
913,6120,Reg,1Story,AllPub,BrkSide,8800
914,6270,Reg,2Story,AllPub,Crawfor,14500
915,3000,Reg,2Story,AllPub,Somerst,17000
916,2001,Reg,2Story,AllPub,MeadowV,7500
917,9000,Reg,1Story,AllPub,IDOTRR,8700
918,17140,Reg,1Story,AllPub,Edwards,13500
919,13125,IR1,2Story,AllPub,SawyerW,23800
920,11029,IR1,1Story,AllPub,NAmes,17650
921,8462,IR1,2Story,AllPub,SawyerW,20100
922,8777,Reg,1.5Fin,AllPub,Edwards,14590
923,10237,Reg,1Story,AllPub,Gilbert,16999
924,8012,Reg,1Story,AllPub,SawyerW,19300
925,10240,Reg,1Story,AllPub,NWAmes,20750
926,15611,IR1,1Story,AllPub,NWAmes,17500
927,11999,Reg,2Story,AllPub,NridgHt,28500
928,9900,Reg,2Story,AllPub,NWAmes,17600
929,11838,Reg,1Story,AllPub,CollgCr,23650
930,13006,IR1,2Story,AllPub,Gilbert,22200
931,8925,IR1,1Story,AllPub,Timber,20100
932,9100,Reg,1Story,AllPub,NAmes,11750
933,11670,IR1,1Story,AllPub,Somerst,32000
934,8487,Reg,1Story,AllPub,CollgCr,19000
935,27650,IR2,1Story,AllPub,NAmes,24200
936,5825,IR1,1Story,AllPub,BrkSide,7990
937,10083,Reg,1Story,AllPub,SawyerW,18490
938,9675,Reg,2Story,AllPub,Somerst,25300
939,8760,Reg,2Story,AllPub,CollgCr,23000
940,24090,Reg,2Story,AllPub,ClearCr,24440
941,12640,IR1,1Story,AllPub,Mitchel,15090
942,8755,IR1,2Story,AllPub,Gilbert,21400
943,7711,IR1,1Story,AllPub,Edwards,15000
944,25000,Reg,1Story,AllPub,Mitchel,14300
945,14375,IR1,SLvl,NoSeWa,Timber,13750
946,8820,Reg,1.5Fin,AllPub,OldTown,12490
947,8163,Reg,SLvl,AllPub,NAmes,14300
948,14536,Reg,1Story,AllPub,Timber,27000
949,14006,IR1,2Story,AllPub,CollgCr,19250
950,9360,Reg,1Story,AllPub,NWAmes,19750
951,7200,Reg,1Story,AllPub,NAmes,12900
952,7800,Reg,1Story,AllPub,SawyerW,11990
953,7200,Reg,SFoyer,AllPub,CollgCr,13390
954,11075,IR1,2Story,AllPub,Mitchel,17200
955,9400,IR1,SFoyer,AllPub,Edwards,12750
956,7136,IR1,2Story,AllPub,Crawfor,14500
957,1300,Reg,2Story,AllPub,Blueste,12400
958,7420,Reg,1Story,AllPub,Sawyer,13200
959,8450,Reg,1Story,AllPub,CollgCr,18500
960,2572,Reg,2Story,AllPub,Somerst,15500
961,7207,IR1,1Story,AllPub,BrkSide,11650
962,12227,IR1,2Story,AllPub,NWAmes,27200
963,2308,Reg,2Story,AllPub,NPkVill,15500
964,11923,IR1,1Story,AllPub,CollgCr,23900
965,11316,Reg,2Story,AllPub,Timber,21490
966,10237,Reg,2Story,AllPub,Gilbert,17890
967,9600,IR1,1.5Fin,AllPub,Crawfor,16000
968,7390,IR1,1Story,AllPub,NAmes,13500
969,5925,Reg,1.5Fin,AllPub,OldTown,8790
970,10382,Reg,SLvl,AllPub,NAmes,14000
971,10800,Reg,1.5Fin,AllPub,NAmes,13500
972,2268,Reg,2Story,AllPub,NridgHt,17300
973,7892,Reg,1Story,AllPub,SawyerW,9950
974,11639,Reg,1Story,AllPub,Somerst,18200
975,11414,IR1,2Story,AllPub,BrkSide,16750
976,2651,Reg,2Story,AllPub,Somerst,16500
977,5900,IR1,1Story,AllPub,BrkSide,8550
978,4274,IR1,1Story,AllPub,Somerst,19990
979,9450,Reg,1Story,AllPub,Edwards,11000
980,8816,Reg,1Story,AllPub,Sawyer,13900
981,12122,IR1,SFoyer,AllPub,NAmes,17840
982,12203,IR1,2Story,AllPub,NoRidge,33600
983,3182,Reg,1Story,AllPub,Blmngtn,15000
984,11250,Reg,2Story,AllPub,CollgCr,25590
985,10125,Reg,1.5Fin,AllPub,Mitchel,12600
986,10880,Reg,1Story,AllPub,Edwards,12500
987,5310,Reg,1.5Fin,AllPub,OldTown,11700
988,10159,IR1,1Story,AllPub,NridgHt,39000
989,12046,IR1,2Story,AllPub,NWAmes,19500
990,8125,Reg,2Story,AllPub,Somerst,19700
991,9452,Reg,2Story,AllPub,NoRidge,34800
992,17671,Reg,2Story,AllPub,OldTown,16800
993,9760,Reg,2Story,AllPub,NAmes,18700
994,8846,Reg,2Story,AllPub,CollgCr,17390
995,12456,Reg,1Story,AllPub,NridgHt,33750
996,4712,IR1,1.5Fin,AllPub,BrkSide,12160
997,10659,IR1,1Story,AllPub,NAmes,13650
998,11717,IR1,1Story,AllPub,NWAmes,18500
999,9786,Reg,1Story,AllPub,IDOTRR,9100
1000,6762,Reg,1Story,AllPub,CollgCr,20600
1001,10206,Reg,1Story,AllPub,Edwards,8200
1002,5400,Reg,1Story,AllPub,OldTown,8600
1003,11957,IR1,1Story,AllPub,Somerst,23200
1004,11500,IR1,1Story,AllPub,NWAmes,13000
1005,3182,Reg,1Story,AllPub,Blmngtn,18100
1006,8385,Reg,SLvl,AllPub,CollgCr,14990
1007,12155,IR3,1Story,AllPub,NAmes,16350
1008,2217,Reg,2Story,AllPub,MeadowV,8800
1009,12118,IR1,1Story,AllPub,Mitchel,24000
1010,6000,Reg,1.5Fin,AllPub,SWISU,10200
1011,21286,Reg,1.5Fin,AllPub,Sawyer,13500
1012,9825,Reg,1Story,AllPub,Edwards,10000
1013,10592,Reg,2Story,AllPub,Crawfor,16500
1014,7200,Reg,1Story,AllPub,OldTown,8500
1015,11664,Reg,1Story,AllPub,NAmes,11920
1016,8400,Reg,2Story,AllPub,NWAmes,22700
1017,11883,Reg,1Story,AllPub,CollgCr,20300
1018,5814,IR1,1Story,AllPub,StoneBr,18750
1019,10784,IR1,SLvl,AllPub,Gilbert,16000
1020,3013,Reg,1Story,AllPub,Blmngtn,21349
1021,7024,Reg,1Story,AllPub,Edwards,17600
1022,7406,Reg,1Story,AllPub,CollgCr,19400
1023,9439,Reg,1.5Fin,AllPub,OldTown,8700
1024,3182,Reg,1Story,AllPub,Blmngtn,19100
1025,15498,IR1,1Story,AllPub,Timber,28700
1026,7700,Reg,1Story,AllPub,CollgCr,11250
1027,9300,Reg,1Story,AllPub,NAmes,16750
1028,9520,IR1,1Story,AllPub,Timber,29000
1029,9492,Reg,1.5Fin,AllPub,NAmes,10500
1030,1680,Reg,2Story,AllPub,BrDale,11800
1031,7082,Reg,2Story,AllPub,SWISU,16000
1032,15863,Reg,2.5Fin,AllPub,SWISU,19700
1033,14541,IR1,2Story,AllPub,NoRidge,31000
1034,8125,Reg,1Story,AllPub,CollgCr,23000
1035,6305,Reg,1Story,AllPub,Crawfor,11975
1036,11500,IR1,1Story,AllPub,Edwards,8400
1037,12898,IR1,1Story,AllPub,Timber,31550
1038,9240,Reg,2Story,AllPub,CollgCr,28700
1039,1533,Reg,2Story,AllPub,MeadowV,9700
1040,1477,Reg,SFoyer,AllPub,MeadowV,8000
1041,13125,Reg,1Story,AllPub,Sawyer,15500
1042,9130,Reg,2Story,AllPub,NWAmes,17300
1043,5381,IR1,1Story,AllPub,NridgHt,19600
1044,11839,Reg,2Story,AllPub,SawyerW,26228
1045,9600,Reg,1Story,AllPub,NWAmes,27800
1046,13680,IR1,1Story,AllPub,Edwards,13960
1047,16056,IR1,2Story,AllPub,StoneBr,55000
1048,9245,IR2,1Story,AllPub,CollgCr,14500
1049,21750,Reg,1Story,AllPub,Mitchel,11500
1050,11100,Reg,1Story,AllPub,Edwards,8490
1051,8993,IR1,1Story,AllPub,Gilbert,17000
1052,11175,IR1,1Story,AllPub,CollgCr,20000
1053,9500,Reg,2Story,AllPub,NAmes,16500
1054,8562,Reg,1Story,AllPub,Edwards,14450
1055,11367,Reg,2Story,AllPub,CollgCr,25500
1056,11361,Reg,1Story,AllPub,NWAmes,18000
1057,7052,IR1,1Story,AllPub,NridgHt,18585
1058,29959,IR2,2Story,AllPub,NoRidge,24800
1059,11308,IR1,2Story,AllPub,NridgHt,33500
1060,11275,IR1,1.5Fin,AllPub,Crawfor,22000
1061,4920,Reg,1Story,AllPub,StoneBr,21350
1062,18000,Reg,1Story,AllPub,IDOTRR,8100
1063,13600,Reg,2Story,AllPub,OldTown,9000
1064,6000,Reg,1Story,AllPub,OldTown,11050
1065,11000,IR1,1Story,AllPub,NAmes,15400
1066,14000,Reg,2Story,AllPub,ClearCr,32800
1067,7837,IR1,2Story,AllPub,Gilbert,17800
1068,9760,Reg,2Story,AllPub,NAmes,16790
1069,3964,Reg,2Story,AllPub,MeadowV,15140
1070,9600,Reg,1.5Unf,AllPub,NAmes,13500
1071,10152,Reg,1Story,AllPub,NAmes,13500
1072,11700,Reg,2Story,AllPub,NWAmes,15400
1073,7585,Reg,1.5Fin,AllPub,Edwards,9150
1074,7950,IR1,2Story,AllPub,Edwards,15950
1075,8556,Reg,1Story,AllPub,CollgCr,19400
1076,13125,Reg,2Story,AllPub,Crawfor,21950
1077,10800,Reg,1.5Fin,AllPub,OldTown,17000
1078,15870,IR1,1Story,AllPub,NAmes,13880
1079,4435,Reg,1Story,AllPub,CollgCr,15590
1080,8775,Reg,1Story,AllPub,CollgCr,12600
1081,11040,Reg,1Story,AllPub,NWAmes,14500
1082,7500,Reg,1Story,AllPub,Sawyer,13300
1083,8749,Reg,1Story,AllPub,CollgCr,19200
1084,8800,Reg,1Story,AllPub,NAmes,16000
1085,13031,IR2,2Story,AllPub,Gilbert,18750
1086,9069,Reg,SFoyer,AllPub,SawyerW,14700
1087,1974,Reg,2Story,AllPub,MeadowV,8350
1088,10574,Reg,2Story,AllPub,Somerst,25200
1089,2522,Reg,2Story,AllPub,Edwards,13750
1090,3316,IR1,1Story,AllPub,Somerst,19700
1091,8544,Reg,1Story,AllPub,NAmes,9290
1092,2160,Reg,2Story,AllPub,Somerst,16000
1093,8400,Reg,1.5Fin,AllPub,SWISU,13650
1094,9230,Reg,1Story,AllPub,NAmes,14600
1095,5868,Reg,1Story,AllPub,NAmes,12900
1096,9317,IR1,1Story,AllPub,CollgCr,17000
1097,6882,Reg,2Story,AllPub,IDOTRR,12700
1098,3696,Reg,1Story,AllPub,StoneBr,17000
1099,6000,Reg,1.5Fin,AllPub,BrkSide,12800
1100,11880,IR1,1Story,AllPub,NWAmes,15700
1101,8400,Reg,1Story,AllPub,SWISU,9000
1102,9758,IR1,1Story,AllPub,NAmes,11950
1103,7000,Reg,1Story,AllPub,NAmes,13500
1104,8910,Reg,1Story,AllPub,NAmes,15950
1105,2016,Reg,2Story,AllPub,BrDale,10600
1106,12256,IR1,2Story,AllPub,NoRidge,32500
1107,10357,IR1,1Story,AllPub,SawyerW,17990
1108,23257,IR3,2Story,AllPub,Gilbert,27000
1109,8063,Reg,2Story,AllPub,Gilbert,18100
1110,11362,IR1,1Story,AllPub,NridgHt,28000
1111,8000,Reg,2Story,AllPub,Gilbert,18800
1112,10480,Reg,2Story,AllPub,NWAmes,20500
1113,7100,IR1,1Story,AllPub,NAmes,12990
1114,8923,Reg,1Story,AllPub,NAmes,13450
1115,5400,Reg,1Story,AllPub,OldTown,11700
1116,12085,Reg,1Story,AllPub,NridgHt,31800
1117,7750,Reg,SLvl,AllPub,Gilbert,18410
1118,9764,IR1,1Story,AllPub,Sawyer,13000
1119,13825,Reg,SLvl,AllPub,Sawyer,14000
1120,7560,Reg,1Story,AllPub,NAmes,13370
1121,8263,Reg,1Story,AllPub,IDOTRR,11840
1122,10084,Reg,1Story,AllPub,CollgCr,21290
1123,8926,IR1,1Story,AllPub,Edwards,11200
1124,9405,Reg,1Story,AllPub,Edwards,11800
1125,9125,IR1,SLvl,AllPub,Gilbert,16390
1126,10434,Reg,1Story,AllPub,NAmes,11500
1127,3684,Reg,1Story,AllPub,Blmngtn,17400
1128,14572,IR3,1Story,AllPub,Gilbert,25900
1129,11796,IR1,2Story,AllPub,Gilbert,21500
1130,7200,Reg,SFoyer,AllPub,OldTown,14000
1131,7804,Reg,1.5Fin,AllPub,SWISU,13500
1132,10712,Reg,1Story,AllPub,Mitchel,9350
1133,9900,Reg,2Story,AllPub,OldTown,11750
1134,9828,IR1,2Story,AllPub,SawyerW,23950
1135,8773,IR1,2Story,AllPub,Gilbert,16900
1136,6180,Reg,1Story,AllPub,BrkSide,10200
1137,9600,Reg,1.5Fin,AllPub,NAmes,11900
1138,6342,Reg,1.5Fin,AllPub,Sawyer,9400
1139,9819,IR1,1Story,AllPub,Mitchel,19600
1140,8731,IR1,1Story,AllPub,BrkSide,14400
1141,7350,Reg,1Story,AllPub,NAmes,13900
1142,10304,IR1,2Story,AllPub,NWAmes,19750
1143,9965,Reg,2Story,AllPub,CollgCr,42487
1144,9000,Reg,1Story,AllPub,Sawyer,8000
1145,12180,Reg,1.5Fin,AllPub,Edwards,8000
1146,6240,Reg,1.5Fin,AllPub,BrkSide,14900
1147,11200,Reg,1Story,AllPub,SawyerW,18000
1148,12000,Reg,2Story,AllPub,Crawfor,17450
1149,5700,Reg,1.5Fin,AllPub,OldTown,11690
1150,9000,Reg,2Story,AllPub,OldTown,14300
1151,8280,IR1,1Story,AllPub,NAmes,12400
1152,17755,Reg,1Story,AllPub,Edwards,14990
1153,14115,IR1,1Story,AllPub,Crawfor,23000
1154,5890,Reg,1Story,AllPub,IDOTRR,12050
1155,13700,IR1,2Story,AllPub,NAmes,20180
1156,10768,IR1,1Story,AllPub,Veenker,21800
1157,9350,Reg,SLvl,AllPub,NAmes,17990
1158,5001,IR1,1Story,AllPub,NridgHt,23000
1159,11932,Reg,1Story,AllPub,Somerst,23000
1160,9120,Reg,2Story,AllPub,NWAmes,18500
1161,2280,Reg,2Story,AllPub,NPkVill,14600
1162,14778,IR1,1Story,AllPub,Crawfor,22400
1163,8724,Reg,1Story,AllPub,Sawyer,12900
1164,12900,Reg,SFoyer,AllPub,Sawyer,10000
1165,16157,IR1,SLvl,AllPub,Veenker,19400
1166,9541,IR1,1Story,AllPub,NridgHt,23317
1167,10475,IR1,1Story,AllPub,CollgCr,24535
1168,10852,IR1,2Story,AllPub,Gilbert,17300
1169,13728,Reg,2Story,AllPub,Edwards,23500
1170,35760,IR1,2Story,AllPub,NoRidge,62500
1171,9880,Reg,SLvl,AllPub,Mitchel,17100
1172,9120,Reg,1Story,AllPub,NAmes,16300
1173,4017,IR1,2Story,AllPub,Somerst,17190
1174,18030,IR1,1.5Fin,AllPub,ClearCr,20050
1175,16560,IR1,2Story,AllPub,Crawfor,23900
1176,10678,Reg,1.5Fin,AllPub,NoRidge,28500
1177,6951,IR1,1Story,AllPub,Mitchel,11950
1178,3950,Reg,1.5Fin,AllPub,OldTown,11500
1179,7681,IR1,1.5Fin,AllPub,Crawfor,15490
1180,8335,Reg,1Story,AllPub,Edwards,9300
1181,11170,IR2,2Story,AllPub,Timber,25000
1182,5587,IR1,1Story,AllPub,Crawfor,39250
1183,15623,IR1,2Story,AllPub,NoRidge,74500
1184,10800,Reg,1Story,AllPub,OldTown,12000
1185,35133,Reg,1Story,AllPub,Timber,18670
1186,9738,Reg,1.5Fin,AllPub,Edwards,10490
1187,10615,IR1,2Story,AllPub,OldTown,9500
1188,12461,Reg,1Story,AllPub,NoRidge,26200
1189,8935,IR1,2Story,AllPub,CollgCr,19500
1190,7500,Reg,2Story,AllPub,Gilbert,18900
1191,32463,Reg,1Story,AllPub,Mitchel,16800
1192,2645,Reg,2Story,AllPub,Somerst,17400
1193,9600,Reg,1.5Fin,AllPub,OldTown,12500
1194,4500,Reg,1Story,AllPub,Mitchel,16500
1195,9364,Reg,2Story,AllPub,Sawyer,15800
1196,8029,IR1,2Story,AllPub,Gilbert,17600
1197,14054,IR1,2Story,AllPub,Gilbert,21921
1198,8850,IR1,2.5Unf,AllPub,OldTown,14400
1199,9100,Reg,1Story,AllPub,CollgCr,17800
1200,11235,Reg,1Story,AllPub,Sawyer,14800
1201,9353,Reg,1Story,AllPub,NAmes,11605
1202,10400,Reg,2Story,AllPub,CollgCr,19790
1203,6000,Reg,1.5Fin,AllPub,BrkSide,11700
1204,9750,Reg,1Story,AllPub,CollgCr,21300
1205,10140,Reg,1Story,AllPub,NWAmes,15350
1206,14684,IR1,1Story,AllPub,SawyerW,27190
1207,8900,Reg,1Story,AllPub,SawyerW,10700
1208,9135,Reg,1Story,AllPub,CollgCr,20000
1209,7763,Reg,1Story,AllPub,NAmes,14000
1210,10182,IR1,1Story,AllPub,Somerst,29000
1211,11218,Reg,2Story,AllPub,SawyerW,18900
1212,12134,IR1,1.5Fin,AllPub,Gilbert,16400
1213,9340,Reg,1Story,AllPub,Edwards,11300
1214,10246,IR1,SLvl,AllPub,Sawyer,14500
1215,10205,IR1,SFoyer,AllPub,NAmes,13450
1216,7094,IR1,1Story,AllPub,Sawyer,12500
1217,8930,Reg,1.5Fin,AllPub,Sawyer,11200
1218,8640,Reg,1Story,AllPub,Somerst,22000
1219,6240,Reg,1.5Fin,AllPub,BrkSide,8050
1220,1680,Reg,2Story,AllPub,BrDale,9150
1221,7800,IR1,1Story,AllPub,NAmes,11500
1222,8250,Reg,1Story,AllPub,Sawyer,13400
1223,10496,Reg,1.5Fin,AllPub,NAmes,14300
1224,10680,Reg,1Story,AllPub,NAmes,13790
1225,15384,IR1,2Story,AllPub,Gilbert,18400
1226,10482,Reg,SLvl,AllPub,NAmes,14500
1227,14598,IR1,2Story,AllPub,Somerst,21400
1228,8872,Reg,1Story,AllPub,NAmes,14700
1229,8769,Reg,1Story,AllPub,NridgHt,36000
1230,7910,Reg,SLvl,AllPub,NAmes,12700
1231,18890,IR1,1.5Fin,AllPub,Sawyer,19000
1232,7728,Reg,SLvl,AllPub,NAmes,13250
1233,9842,Reg,1Story,AllPub,NAmes,10180
1234,12160,IR1,1Story,AllPub,NAmes,14200
1235,8525,Reg,2Story,AllPub,SWISU,13000
1236,13132,Reg,2Story,AllPub,Crawfor,13000
1237,2628,Reg,2Story,AllPub,NridgHt,17550
1238,12393,IR2,2Story,AllPub,CollgCr,19500
1239,13072,Reg,1Story,AllPub,SawyerW,14250
1240,9037,IR1,1Story,AllPub,Timber,26590
1241,8158,Reg,2Story,AllPub,CollgCr,22490
1242,9849,Reg,1Story,AllPub,Somerst,9900
1243,10625,Reg,SFoyer,AllPub,NWAmes,17000
1244,13891,Reg,1Story,AllPub,NridgHt,46500
1245,11435,IR1,2Story,AllPub,Crawfor,23000
1246,12090,Reg,SLvl,AllPub,NWAmes,17800
1247,8125,Reg,2Story,AllPub,Somerst,18650
1248,12328,IR1,SLvl,AllPub,Mitchel,16990
1249,9600,Reg,2.5Unf,AllPub,OldTown,12950
1250,7200,Reg,1Story,AllPub,NAmes,11900
1251,11160,Reg,1Story,AllPub,NAmes,24400
1252,3136,IR1,1Story,AllPub,NridgHt,17175
1253,9858,Reg,1Story,AllPub,Mitchel,13000
1254,17542,IR1,2Story,AllPub,Veenker,29400
1255,6931,Reg,2Story,AllPub,Edwards,16540
1256,6240,Reg,1.5Fin,AllPub,BrkSide,12750
1257,14303,IR1,1Story,AllPub,NoRidge,30150
1258,4060,Reg,1Story,AllPub,Edwards,9990
1259,9587,IR1,SLvl,AllPub,Gilbert,19000
1260,9750,Reg,1Story,AllPub,NAmes,15100
1261,24682,IR3,2Story,AllPub,Gilbert,18100
1262,9600,Reg,1Story,AllPub,NAmes,12890
1263,11250,Reg,1.5Fin,AllPub,ClearCr,16150
1264,13515,Reg,2Story,AllPub,BrkSide,18050
1265,4060,Reg,1Story,AllPub,NAmes,18100
1266,3735,Reg,2Story,AllPub,Somerst,18390
1267,10120,IR1,2.5Unf,AllPub,OldTown,12200
1268,13214,IR1,1Story,AllPub,Timber,37850
1269,14100,IR1,1.5Fin,AllPub,Crawfor,38100
1270,11344,Reg,1.5Fin,AllPub,NAmes,14400
1271,23595,Reg,1Story,AllPub,ClearCr,26000
1272,9156,IR1,1Story,AllPub,NWAmes,18575
1273,13526,IR1,1Story,AllPub,Sawyer,13700
1274,11512,IR1,SLvl,AllPub,Edwards,17700
1275,5362,Reg,1.5Fin,AllPub,Crawfor,13900
1276,11345,Reg,2Story,AllPub,NAmes,13700
1277,12936,IR1,2Story,AllPub,NWAmes,16200
1278,17871,IR1,SLvl,AllPub,NWAmes,19790
1279,9473,Reg,2Story,AllPub,CollgCr,23700
1280,7500,Reg,1.5Fin,AllPub,IDOTRR,9890
1281,9808,IR1,1Story,AllPub,CollgCr,22700
1282,8049,IR1,1Story,AllPub,Timber,18000
1283,8800,IR1,1Story,AllPub,CollgCr,15050
1284,9400,Reg,2Story,AllPub,Mitchel,13900
1285,9638,Reg,1.5Fin,AllPub,SWISU,16900
1286,6000,Reg,1.5Fin,AllPub,BrkSide,13250
1287,9790,Reg,1Story,AllPub,NWAmes,14300
1288,36500,IR1,1Story,AllPub,ClearCr,19000
1289,5664,IR1,1Story,AllPub,StoneBr,27800
1290,11065,IR1,2Story,AllPub,NridgHt,28100
1291,14112,IR1,SLvl,AllPub,NAmes,18050
1292,1680,Reg,2Story,AllPub,BrDale,11950
1293,6600,Reg,2Story,AllPub,OldTown,10750
1294,10140,Reg,2Story,AllPub,NWAmes,16290
1295,8172,Reg,1Story,AllPub,Edwards,11500
1296,8400,Reg,1Story,AllPub,NAmes,13850
1297,8700,Reg,1Story,AllPub,NAmes,15500
1298,3675,Reg,SFoyer,AllPub,Edwards,14000
1299,63887,IR3,2Story,AllPub,Edwards,16000
1300,7500,Reg,1Story,AllPub,NAmes,15400
1301,10762,IR1,2Story,AllPub,Gilbert,22500
1302,7500,IR1,2Story,AllPub,Crawfor,17750
1303,10120,Reg,2Story,AllPub,NoRidge,29000
1304,8688,Reg,1Story,AllPub,Somerst,23200
1305,3363,Reg,2Story,AllPub,Edwards,13000
1306,13173,IR1,1Story,AllPub,NridgHt,32500
1307,6955,IR1,1Story,AllPub,NridgHt,20250
1308,8072,Reg,1Story,AllPub,CollgCr,13800
1309,12000,Reg,1Story,AllPub,OldTown,14700
1310,7153,Reg,1Story,AllPub,SawyerW,17920
1311,17500,Reg,1Story,AllPub,Crawfor,33500
1312,8814,Reg,1Story,AllPub,CollgCr,20300
1313,9572,IR1,2Story,AllPub,NoRidge,30200
1314,14774,IR1,2Story,AllPub,NoRidge,33000
